INSERT INTO teams ("team_name") VALUES
	('Arsenal'),
	('Manchester City'),
	('Liverpool'),
	('Tottenham'),
	('Aston Villa'),
	('Manchester United'),
	('West Ham'),
	('Newcastle'),
	('Chelsea'),
	('Briton'),
	('Wolverhampton'),
	('Bournemouth'),
	('Fulham'),
	('Crystal Palace'),
	('Everton'),
	('Brentford'),
	('Nottingham Forest'),
	('Luton Town'),
	('Burnley'),
	('Sheffield United');

INSERT INTO players ("player_name", "team_id") VALUES
	('Erling Haaland', 2),
	('Phil Foden', 2),
	('Julián Álvarez', 2),
	('Bukayo Saka', 1),
	('Kai Havertz', 1),
	('Mohamed Salah', 3),
	('Darwin Núñez', 3),
	('Luis Díaz', 3),
	('Ollie Watkins', 5),
	('Son Heung-Min', 4),
	('Brennan Johnson', 4),
	('Bruno Fernandes', 6),
	('Alejandro Garnacho', 6),
	('Jarrod Bowen', 7),
	('Mohammed Kudus', 7),
	('Alexander Isak', 8),
	('Anthony Gordon', 8),
	('Cole Palmer', 9),
	('Nicolas Jackson', 9),
	('Pascal Groß', 10),
	('Rayan Ait Nouri', 11),
	('Pablo Sarabia', 11),
	('Dominic Solanke', 12),
	('Antoine Semenyo', 12),
	('Rodrigo Muniz', 13),
	('Alex Iwobi', 13),
	('Jean-Philippe Mateta', 14),
	('Eberechi Eze', 14),
	('Dominic Calvert-Lewin', 15),
	('Ivan Toney', 16),
	('Chris Wood', 17),
	('Carlton Morris', 18),
	('Lyle Foster', 19),
	('Ben Brereton Díaz', 20);
	
INSERT INTO tournaments ("tournament_name") VALUES
	('EPL'),
	('Serie A');


INSERT INTO matches ("date", "team_id_h", "team_id_a", "team_h_goals", "team_a_goals", "team_h_xg", "team_a_xg", "tournament_id") VALUES
	('2024-03-30', 8, 7, 4, 3, 3.81, 0.99, 1),
	('2024-03-30', 12, 15, 2, 1, 1.39, 0.93, 1),
	('2024-03-30', 9, 19, 2, 2, 4.47, 2.10, 1),
	('2024-03-30', 17, 14, 1, 1, 0.78, 0.90, 1),
	('2024-03-30', 20, 13, 3, 3, 1.79, 1.10, 1),
	('2024-03-30', 4, 18, 2, 1, 2.47, 0.40, 1),
	('2024-03-30', 5, 11, 2, 0, 1.28, 1.66, 1),
	('2024-03-31', 16, 6, 1, 1, 3.16, 0.99, 1),
	('2024-03-31', 3, 10, 2, 1, 3.21, 0.44, 1),
	('2024-03-31', 2, 1, 0, 0, 1.22, 0.51, 1),
	('2024-04-02', 17, 13, 3, 1, 1.95, 1.04, 1),
	('2024-04-02', 8, 15, 1, 1, 2.65, 1.70, 1),
	('2024-04-02', 12, 14, 1, 0, 1.31, 0.17, 1),
	('2024-04-02', 19, 11, 1, 1, 1.13, 1.01, 1),
	('2024-04-03', 7, 4, 1, 1, 1.47, 1.39, 1),
	('2024-04-03', 1, 18, 2, 0, 1.14, 0.29, 1),
	('2024-04-03', 16, 10, 0, 0, 0.42, 1.22, 1),
	('2024-04-04', 2, 5, 4, 1, 3.88, 1.19, 1),
	('2024-04-04', 3, 20, 3, 1, 2.52, 0.72, 1),
	('2024-04-04', 9, 6, 4, 3, 3.48, 1.57, 1),
	('2024-04-07', 6, 3, 2, 2, 0.81, 4.43, 1),
	('2024-04-06', 14, 2, 2, 4, 1.49, 2.26, 1),
	('2024-04-06', 5, 16, 3, 3, 1.16, 1.42, 1),
	('2024-04-06', 15, 19, 1, 0, 0.66, 0.35, 1),
	('2024-04-06', 13, 8, 0, 1, 0.83, 1.18, 1),
	('2024-04-06', 18, 12, 2, 1, 1.30, 0.62, 1),
	('2024-04-06', 11, 7, 1, 2, 1.78, 1.14, 1),
	('2024-04-06', 10, 1, 0, 3, 0.43, 4.17, 1),
	('2024-04-07', 20, 9, 2, 2, 1.74, 0.52, 1),
	('2024-04-07', 4, 17, 3, 1, 1.62, 2.00, 1);


INSERT INTO team_tournaments ("tournament_id", "team_id") VALUES
	(1, 1),
	(1, 2),
	(1, 3),
	(1, 4),
	(1, 5),
	(1, 6),
	(1, 7),
	(1, 8),
	(1, 9),
	(1, 10),
	(1, 11),
	(1, 12),
	(1, 13),
	(1, 14),
	(1, 15),
	(1, 16),
	(1, 17),
	(1, 18),
	(1, 19),
	(1, 20);

INSERT INTO  player_statictics ("match_id", "player_id", "minutes", "shots", "xg", "goals", "key_passes", "xa", "assistes") VALUES
	(30, 11, 90, 2, 0.92, 0, 2, 0.15, 0),
	(30, 10, 90, 2, 0.22, 0, 2, 0.10, 1),
	(30, 31, 71, 3, 1.68, 1, 0, 0.0, 0),
	(29, 34, 90, 2, 0.20, 0, 1, 0.50, 0),
	(29, 18, 76, 2, 0.10, 0, 2, 0.10, 1),
	(29, 19, 90, 0, 0.00, 0, 0, 0.00, 0),
	(21, 12, 90, 2, 0.30, 1, 1, 0.02, 0),
	(21, 13, 82, 3, 0.21, 0, 0, 0.00, 0),
	(21, 6, 90, 6, 1.33, 1, 3, 0.40, 0),
	(21, 7, 90, 6, 1.28, 1, 3, 0.71, 0),
	(28, 20, 90, 0, 0.00, 0, 1, 0.04, 0),
	(28, 4, 71, 3, 0.97, 1, 3, 0.21, 0),
	(28, 5, 90, 2, 1.18, 1, 4, 0.74, 1),
	(27, 21, 57, 2, 0.03, 0, 0, 0.00, 0),
	(27, 14, 56, 0, 0.00, 0, 0, 0.00, 0),
	(27, 15, 90, 3, 0.10, 0, 0, 0.00, 0),
	(26, 32, 90, 5, 0.81, 1, 1, 0.02, 0),
	(26, 23, 90, 2, 0.30, 0, 2, 0.10, 0),
	(26, 11, 72, 0, 0.00, 0, 1, 0.07, 0),
	(25, 25, 90, 3, 0.22, 0, 1, 0.11, 0),
	(25, 16, 90, 2, 0.36, 0, 1, 0.07, 0),
	(25, 17, 90, 5, 0.29, 0, 0, 0.00, 0),
	(24, 29, 86, 4, 0.45, 1, 1, 0.03, 0),
	(24, 33, 90, 1, 0.06, 0, 0, 0.00, 0),
	(23, 9, 90, 2, 0.50, 2, 0, 0.00, 0),
	(23, 30, 7, 0, 0.00, 0, 0, 0.00, 0),
	(22, 27, 78, 1, 0.48, 1, 0, 0.00, 0),
	(22, 28, 67, 2, 0.00, 0, 0, 0.00, 0),
	(22, 1, 90, 2, 0.94, 1, 1, 0.43, 0),
	(22, 3, 77, 4, 0.58, 0, 0, 0.00, 0);
	

INSERT INTO players_history ("player_id", "player_name", "team_id", "history_dttm") VALUES
	(1, 'Erling Haaland', 5, '2020-05-01'),
	(2, 'Phil Foden', 1, '2021-01-01'),
	(3, 'Julián Álvarez', 13, '2022-05-01'),
	(4, 'Bukayo Saka', 4, '2023-01-01'),
	(5, 'Kai Havertz', 6, '2024-01-01'),
	(6, 'Mohamed Salah', 2, '2019-05-01'),
	(7, 'Darwin Núñez', 9, '2020-01-01'),
	(8, 'Luis Díaz', 6, '2020-01-01'),
	(9, 'Ollie Watkins', 2, '2023-05-01'),
	(10, 'Son Heung-Min', 10, '2022-02-01'),
	(11, 'Brennan Johnson', 20, '2020-01-01'),
	(25, 'Rodrigo Muniz', 11, '2021-05-01'),
	(26, 'Alex Iwobi', 12, '2017-01-01'),
	(27, 'Jean-Philippe Mateta', 18, '2022-01-01'),
	(28, 'Eberechi Eze', 17, '2022-05-01'),
	(29, 'Dominic Calvert-Lewin', 16, '2023-01-01'),
	(30, 'Ivan Toney', 15, '2024-01-01'),
	(31, 'Chris Wood', 20, '2020-05-01'),
	(32, 'Carlton Morris', 5, '2020-01-01'),
	(33, 'Lyle Foster', 4, '2021-05-01'),
	(34, 'Ben Brereton Díaz', 13, '2021-01-01');
